{
    "accuracy": 0.6008064516129032,
    "f1_score": 0.6837060702875399,
    "recall": 0.7366609294320138,
    "precision": 0.6378539493293591,
    "roc_auc_score": 0.6404638365767554
}