{
  "model": "logistic_regression",
  "model_display_name": "Logistic Regression",
  "metrics": {
    "accuracy": {
      "test_mean": 0.7157521614808047,
      "test_std": 0.022003652735214096,
      "train_mean": 0.7510098331009262,
      "train_std": 0.008602735200118618
    },
    "precision": {
      "test_mean": 0.8412294780613586,
      "test_std": 0.022010785269432547,
      "train_mean": 0.8718040718793415,
      "train_std": 0.007787226739180297
    },
    "recall": {
      "test_mean": 0.729073662682041,
      "test_std": 0.033575026206465845,
      "train_mean": 0.7521763241186423,
      "train_std": 0.010775040228427145
    },
    "f1": {
      "test_mean": 0.7805378698473819,
      "test_std": 0.019784062838347733,
      "train_mean": 0.8075303419219495,
      "train_std": 0.007281786993484709
    },
    "roc_auc": {
      "test_mean": 0.7760281428761641,
      "test_std": 0.028375942548904153,
      "train_mean": 0.8230269766988317,
      "train_std": 0.006654307334771684
    },
    "average_precision": {
      "test_mean": 0.8775950312010874,
      "test_std": 0.019839647915582657,
      "train_mean": 0.909178322388918,
      "train_std": 0.0041852818897699495
    },
    "geometric_mean": {
      "test_mean": 0.7057070729630615,
      "test_std": 0.026516272185289628,
      "train_mean": 0.750181441425183,
      "train_std": 0.009719816112578024
    }
  },
  "config": {
    "cv_folds": 5,
    "cv_repeats": 3,
    "random_seed": 42,
    "smote_config": {
      "method": "BorderlineSMOTE",
      "random_state": 42,
      "k_neighbors": 5,
      "m_neighbors": 10
    }
  }
}