{
  "model": "logistic_regression",
  "model_display_name": "Logistic Regression",
  "metrics": {
    "accuracy": {
      "test_mean": 0.7217789283115917,
      "test_std": 0.022687134663263015,
      "train_mean": 0.7516812199101499,
      "train_std": 0.0120435419025737
    },
    "precision": {
      "test_mean": 0.846095224654415,
      "test_std": 0.03354083422328353,
      "train_mean": 0.8738969304412396,
      "train_std": 0.00873592740401728
    },
    "recall": {
      "test_mean": 0.7353326986141965,
      "test_std": 0.03393981726865571,
      "train_mean": 0.7508497944010452,
      "train_std": 0.013943126174804529
    },
    "f1": {
      "test_mean": 0.7857676275357145,
      "test_std": 0.01778056570700282,
      "train_mean": 0.8076550820414578,
      "train_std": 0.010184667132610965
    },
    "roc_auc": {
      "test_mean": 0.7745671086385197,
      "test_std": 0.04432820135950974,
      "train_mean": 0.8239861118970907,
      "train_std": 0.011550433194507404
    },
    "average_precision": {
      "test_mean": 0.8785656481340792,
      "test_std": 0.0303743960802271,
      "train_mean": 0.9100933061166249,
      "train_std": 0.006773948594128575
    },
    "geometric_mean": {
      "test_mean": 0.710568865806525,
      "test_std": 0.037861105938582267,
      "train_mean": 0.7521370488750433,
      "train_std": 0.012404353233200969
    }
  },
  "config": {
    "cv_folds": 5,
    "cv_repeats": 3,
    "random_seed": 42,
    "smote_config": {
      "method": "BorderlineSMOTE",
      "random_state": 42,
      "k_neighbors": 5,
      "m_neighbors": 10
    }
  }
}